"0","stroop_voxel <- readxl::read_xlsx(""stroop_voxel.xlsx"")"
"0","nback_voxel <- readxl::read_xlsx(""nback_voxel.xlsx"")"
"0","word_generation_voxel <- readxl::read_xlsx(""word_generation_voxel.xlsx"")"
"0","wisconsin_voxel <- readxl::read_xlsx(""wisconsin_voxel.xlsx"")"
"0","oddball_voxel <- readxl::read_xlsx(""oddball_voxel.xlsx"")"
"0","go_nogo_voxel <- readxl::read_xlsx(""go_nogo_voxel.xlsx"")"
"0","iowa_voxel <- readxl::read_xlsx(""iowa_voxel.xlsx"")"
"0","recognition_voxel <- readxl::read_xlsx(""recognition_voxel.xlsx"")"
"0","anti_saccade_voxel <- readxl::read_xlsx(""anti_saccade_voxel.xlsx"")"
"0","flanker_voxel <- readxl::read_xlsx(""flanker_voxel.xlsx"")"
"0","switching_voxel <- readxl::read_xlsx(""switching_voxel.xlsx"")"
"0","calculation_voxel <- readxl::read_xlsx(""calculation_voxel.xlsx"")"
"0","mental_rotation_voxel <- readxl::read_xlsx(""mental_rotation_voxel.xlsx"")"
"0","selective_attention_voxel <- readxl::read_xlsx(""selective_attention_voxel.xlsx"")"
"0","tower_of_london_voxel <- readxl::read_xlsx(""tower_of_london_voxel.xlsx"")"
"0","verbal_fluency_voxel <- readxl::read_xlsx(""verbal_fluency_voxel.xlsx"")"
"0","visual_search_voxel <- readxl::read_xlsx(""visual_search_voxel.xlsx"")"
"0","auditory_discrimination_voxel <- readxl::read_xlsx(""auditory_discrimination_voxel.xlsx"")"
"0","continuous_performance_voxel <- readxl::read_xlsx(""continuous_performance_voxel.xlsx"")"
"0","simon_voxel <- readxl::read_xlsx(""simon_voxel.xlsx"")"
"0","choice_reaction_time_voxel <- readxl::read_xlsx(""choice_reaction_time_voxel.xlsx"")"
"0","reasoning_voxel <- readxl::read_xlsx(""reasoning_voxel.xlsx"")"
"0","delay_memory_voxel <- readxl::read_xlsx(""delay_memory_voxel.xlsx"")"
"0","orientation_match_voxel <- readxl::read_xlsx(""orientation_match_voxel.xlsx"")"
"0","trial_making_voxel <- readxl::read_xlsx(""trial_making_voxel.xlsx"")"
"0","forward_span_voxel <- readxl::read_xlsx(""forward_span_voxel.xlsx"")"
"0","complex_span_voxel <- readxl::read_xlsx(""complex_span_voxel.xlsx"")"
"0","simple_reaction_time_voxel <- readxl::read_xlsx(""simple_reaction_time_voxel.xlsx"")"
